<?xml version="1.0" encoding="UTF-8"?>
<simple8583-config>

	<!-- 长度全部都是字节数（由自己换算,LLVAR,LLLVAR,LLVAR_NUMERIC等变长数据域定义的长度无效） -->
	
	<!-- 统一头，每次不管请求还是响应都包含的共同内容 -->
    <header>
        <field id="MsgLength" type="NUMERIC" length="2"/>
        <field id="tpdu" type="NUMERIC" length="5"/>
        <field id="VersionNo" type="NUMERIC" length="6"/>
        <field id="mti" type="NUMERIC" length="2"/>
        <field id="BitMap" type="BINARY" length="8"/>
    </header>
    
    <!-- 测试类型 -->
    <package mti="1111">
    	<field id="3" type="NUMERIC" length="8"/>
    </package>

	<!-- 
		纯积分查询
		纯积分消费
		纯积分消费撤销
	 -->
    <package mti="0200">
        <field id="2" type="LLVAR_NUMERIC"/>
        <field id="3" type="NUMERIC" length="3"/>
        <field id="4" type="NUMERIC" length="6"/>
        <field id="11" type="NUMERIC" length="3" />
        <field id="12" type="NUMERIC" length="3" />
        <field id="13" type="NUMERIC" length="2" />
        <field id="14" type="NUMERIC" length="2" />
        <field id="15" type="NUMERIC" length="2" />
        <field id="22" type="NUMERIC" length="2"/>
        <field id="23" type="NUMERIC" length="2"/>
        <field id="25" type="NUMERIC" length="1"/>
        <field id="26" type="NUMERIC" length="1"/>
        <field id="32" type="LLVAR_NUMERIC"/>
        <field id="35" type="LLVAR_NUMERIC"/>
        <field id="36" type="LLLVAR_NUMERIC"/>
        <field id="37" type="CHAR" length="12"/>
        <field id="38" type="CHAR" length="6"/>
        <field id="39" type="CHAR" length="2" />
        <field id="41" type="CHAR" length="8" />
        <field id="42" type="CHAR" length="15" />
        <field id="43" type="CHAR" length="40" />
        <field id="44" type="LLVAR"/>
        <field id="48" type="LLLVAR"/>
        <field id="49" type="CHAR" length="3" />
        <field id="52" type="NUMERIC" length="8"/>
        <field id="53" type="NUMERIC" length="8"/>
        <field id="54" type="LLLVAR"/>
        <field id="60" type="LLLVAR_NUMERIC"/>
        <field id="61" type="LLLVAR_NUMERIC"/>
        <field id="62" type="LLLVAR"/>
        <field id="63" type="LLLVAR"/>
        <field id="64" type="NUMERIC" length="8"/>
    </package>
    
    <!-- 
    	积分退货
     -->
     <package mti="0220">
     	<field id="2" type="LLVAR_NUMERIC"/>
        <field id="3" type="NUMERIC" length="3"/>
        <field id="4" type="NUMERIC" length="6"/>
        <field id="11" type="NUMERIC" length="3" />
        <field id="12" type="NUMERIC" length="3" />
        <field id="13" type="NUMERIC" length="2" />
        <field id="14" type="NUMERIC" length="2" />
        <field id="15" type="NUMERIC" length="2" />
        <field id="22" type="NUMERIC" length="2"/>
        <field id="23" type="NUMERIC" length="2"/>
        <field id="25" type="NUMERIC" length="1"/>
        <field id="26" type="NUMERIC" length="1"/>
        <field id="32" type="LLVAR_NUMERIC"/>
        <field id="35" type="LLVAR_NUMERIC"/>
        <field id="36" type="LLLVAR_NUMERIC"/>
     	<field id="37" type="CHAR" length="12"/>
        <field id="38" type="CHAR" length="6"/>
        <field id="39" type="CHAR" length="2" />
        <field id="41" type="CHAR" length="8" />
        <field id="42" type="CHAR" length="15" />
        <field id="43" type="CHAR" length="40" />
        <field id="44" type="LLVAR"/>
        <field id="48" type="LLLVAR"/>
        <field id="49" type="CHAR" length="3" />
        <field id="52" type="NUMERIC" length="8"/>
        <field id="53" type="NUMERIC" length="8"/>
     	<field id="60" type="LLLVAR_NUMERIC"/>
        <field id="61" type="LLLVAR_NUMERIC"/>
        <field id="62" type="LLLVAR"/>
        <field id="63" type="LLLVAR"/>
        <field id="64" type="NUMERIC" length="8"/>
     </package>
    
    <!-- 
    	纯积分消费冲正
    	纯积分消费撤销冲正
     -->
    <package mti="0400">
    	<field id="2" type="LLVAR_NUMERIC"/>
        <field id="3" type="NUMERIC" length="3"/>
        <field id="4" type="NUMERIC" length="6"/>
        <field id="11" type="NUMERIC" length="3" />
        <field id="12" type="NUMERIC" length="3" />
        <field id="13" type="NUMERIC" length="2" />
        <field id="14" type="NUMERIC" length="2" />
    	<field id="15" type="NUMERIC" length="2" />
        <field id="22" type="NUMERIC" length="2"/>
        <field id="25" type="NUMERIC" length="1"/>
        <field id="32" type="LLVAR_NUMERIC"/>
        <field id="35" type="LLVAR_NUMERIC"/>
        <field id="37" type="CHAR" length="12"/>
        <field id="38" type="CHAR" length="6"/>
        <field id="39" type="CHAR" length="2" />
        <field id="41" type="CHAR" length="8" />
        <field id="42" type="CHAR" length="15" />
        <field id="43" type="CHAR" length="40" />
        <field id="44" type="LLVAR"/>
        <field id="48" type="LLLVAR"/>
        <field id="49" type="CHAR" length="3" />
        <field id="54" type="LLLVAR"/>
        <field id="60" type="LLLVAR_NUMERIC"/>
        <field id="61" type="LLLVAR_NUMERIC"/>
        <field id="63" type="LLLVAR"/>
        <field id="64" type="NUMERIC" length="8"/>
    </package>
    
    <!-- 机构签到 -->
    <package mti="0800">
        <field id="11" type="NUMERIC" length="3" />
        <field id="12" type="NUMERIC" length="3" />
        <field id="13" type="NUMERIC" length="2" />
        <field id="32" type="LLVAR_NUMERIC" length="2" />
        <field id="37" type="CHAR" length="12" />
        <field id="39" type="CHAR" length="2" />
        <field id="41" type="CHAR" length="8" />
        <field id="42" type="CHAR" length="15"/>
        <field id="60" type="LLLVAR_NUMERIC" />
        <field id="62" type="LLLVAR_NUMERIC"/>
        <field id="63" type="LLLVAR"/>
    </package>
      <package mti="0810">
        <field id="11" type="NUMERIC" length="3"/>
        <field id="12" type="NUMERIC" length="3"/>
        <field id="13" type="NUMERIC" length="2" />
        <field id="32" type="LLVAR_NUMERIC" />
        <field id="37" type="CHAR" length="12" />
        <field id="39" type="CHAR" length="2" />
        <field id="41" type="CHAR" length="8" />
        <field id="42" type="CHAR" length="15" />
        <field id="60" type="LLLVAR_NUMERIC"/>
        <field id="62" type="LLLVAR_NUMERIC" />
    </package>
    <package mti="unpack">
   		<field id="2" type="LLVAR_NUMERIC"/>
        <field id="3" type="NUMERIC" length="3"/>
        <field id="4" type="NUMERIC" length="6"/>
        <field id="11" type="NUMERIC" length="3" />
        <field id="12" type="NUMERIC" length="3" />
        <field id="13" type="NUMERIC" length="2" />
        <field id="14" type="NUMERIC" length="2" />
        <field id="15" type="NUMERIC" length="2" />
        <field id="22" type="NUMERIC" length="2"/>
        <field id="23" type="NUMERIC" length="2"/>
        <field id="25" type="NUMERIC" length="1"/>
        <field id="26" type="NUMERIC" length="1"/>
        <field id="32" type="LLVAR_NUMERIC"/>
        <field id="35" type="LLVAR_NUMERIC"/>
        <field id="36" type="LLLVAR_NUMERIC"/>
        <field id="37" type="CHAR" length="12"/>
        <field id="38" type="CHAR" length="6"/>
        <field id="39" type="CHAR" length="2" />
        <field id="41" type="CHAR" length="8" />
        <field id="42" type="CHAR" length="15" />
        <field id="43" type="CHAR" length="40" />
        <field id="44" type="LLVAR"/>
        <field id="48" type="LLLVAR"/>
        <field id="49" type="CHAR" length="3" />
        <field id="52" type="NUMERIC" length="8"/>
        <field id="53" type="NUMERIC" length="8"/>
        <field id="54" type="LLLVAR"/>
        <field id="60" type="LLLVAR_NUMERIC"/>
        <field id="61" type="LLLVAR_NUMERIC"/>
        <field id="62" type="LLLVAR_NUMERIC"/>
        <field id="63" type="LLLVAR"/>
        <field id="64" type="NUMERIC" length="8"/>
    </package>
	
</simple8583-config>